species,Pioneering,Expansion, Stability,Unfilling ,Abandonment ,sum,Pioneering,Expansion, Stability,Unfilling ,Abandonment 
Abisara_echeria_category_quantity,1.412645736,3.715444456,62.61215229,12.57399562,0.435793524,80.75003163,1.749405799,4.601167803,77.53823872,15.57150551,0.539682171
Acraea_issoria_category_quantity,0.26092394,2.265533164,28.64263789,5.466735975,0.239019681,36.87485065,0.707593212,6.143843633,77.67526481,14.82510676,0.648191591
Acraea_terpsicore_category_quantity,0.733601947,6.018828818,25.67363977,0.946836736,4.103504428,37.4764117,1.95750317,16.06031246,68.50613121,2.526487177,10.94956599
Acytolepis_puspa_category_quantity,2.073835857,3.915991162,76.97140625,18.46593607,2.075974147,103.5031435,2.003645288,3.78345143,74.36624981,17.84094226,2.005711206
Aglais_caschmirensis_category_quantity,0.274248887,0.822101656,65.14589735,31.72563411,0.229589734,98.19747174,0.279283043,0.837192284,66.34172571,32.30799485,0.233804119
Amathusia_phidippus_category_quantity,0.703617631,5.646291118,19.94858061,1.56037176,12.32310439,40.18196551,1.751078182,14.0518042,49.64560682,3.883263898,30.6682469
Ampittia_dioscorides_category_quantity,1.638063087,0.74372662,70.5416716,11.62231797,2.775760498,87.32153978,1.875898079,0.851710382,80.78381552,13.30979504,3.17878098
Anthene_emolus_category_quantity,1.174232541,18.89045187,69.32545842,12.21023293,1.506610367,103.1069861,1.138848671,18.32121428,67.23643181,11.84229448,1.461210752
Appias_libythea_category_quantity,1.535510046,6.160754447,47.05052988,5.973496162,2.706946879,63.42723741,2.420900087,9.713105439,74.18032347,9.417872204,4.267798803
Appias_lyncida_category_quantity,1.122854801,7.877876282,47.24529076,27.12791992,12.00754219,95.38148395,1.177225133,8.259334994,49.53297936,28.44149493,12.58896559
Argynnis_hyperbius_category_quantity,0.076549088,8.853514058,16.82272959,1.17608524,0.963789342,27.89266732,0.27444162,31.74136757,60.31237313,4.216467456,3.455350222
Arhopala_centaurus_category_quantity,1.398527142,8.402105493,71.000334,19.3085101,3.624832469,103.7343092,1.348181863,8.099639895,68.44440817,18.61342718,3.4943429
Ariadne_ariadne_category_quantity,2.15974105,1.876753868,58.29904156,8.517023239,0.67435828,71.526918,3.019480093,2.623842772,81.50643589,11.90743776,0.942803491
Ariadne_merione_category_quantity,0.617831549,4.185023533,35.72184803,5.430508333,0.122380181,46.07759163,1.340850351,9.08255702,77.52542346,11.78557329,0.265595871
Astictopterus_jama_category_quantity,0.000333433,10.07540109,26.18512078,8.448110051,8.634389645,53.343355,0.000625069,18.8878279,49.08787754,15.83723043,16.18643905
Atrophaneura_aidoneus_category_quantity,0,8.871963661,16.71450628,4.739435299,3.631064196,33.95696944,0,26.12707732,49.22260896,13.95717986,10.69313386
Atrophaneura_aristolochiae_category_quantity,0,9.472015258,15.03610902,6.501971738,6.744276447,37.75437246,0,25.08852522,39.82613944,17.22177145,17.86356389
Atrophaneura_varuna_category_quantity,0.042456934,29.70752007,37.07540665,14.61920463,2.814685483,84.25927377,0.05038844,35.2572705,44.00157394,17.35026185,3.340505273
Badamia_exclamationis_category_quantity,1.073967597,11.33751773,67.74044674,40.52916951,3.305512045,123.9866136,0.866196411,9.144146613,54.63529067,32.68834298,2.66602333
Belenois_aurota_category_quantity,0.139426724,6.144680898,7.244127128,0.141038268,0.766791027,14.43606405,0.965822288,42.56479383,50.1807633,0.976985607,5.311634976
Borbo_cinnara_category_quantity,1.638218165,3.527796389,52.34782011,18.82081143,1.063406809,77.3980529,2.116614183,4.557991134,67.63454395,24.31690556,1.373945169
Caleta_elna_category_quantity,1.321025451,6.941415362,67.22218299,20.11345184,4.131840428,99.72991607,1.324602991,6.960213781,67.40423099,20.16792216,4.143030086
Castalius_rosimon_category_quantity,0.760027263,5.088375533,47.36638336,5.661732397,1.24362295,60.1201415,1.264180762,8.463678571,78.78621403,9.417363724,2.068562912
Catochrysops_strabo_category_quantity,0.311313915,6.460128545,28.76237224,2.88031906,2.715249931,41.12938369,0.75691364,15.706845,69.93144477,7.003068856,6.601727737
Catopsilia_pomona_category_quantity,1.160413441,4.257537088,52.286163,8.332956289,0.048295717,66.08536554,1.755931032,6.442480954,79.11912505,12.60938216,0.073080805
Catopsilia_pyranthe_category_quantity,0.577883285,4.825749667,36.34611171,3.511908614,0.450542529,45.71219581,1.26417748,10.55681002,79.51075434,7.682651319,0.985606841
Celastrina_lavendularis_category_quantity,3.216357607,2.991480454,85.1514916,47.35187901,1.077028768,139.7882374,2.300878576,2.140008708,60.91463285,33.8740082,0.77047167
Cepora_nerissa_category_quantity,0.390986185,3.389703983,26.46901672,5.347816358,0.376205741,35.97372899,1.086865877,9.422720631,73.57874056,14.86589383,1.045779105
Cethosia_cyane_category_quantity,0.858086184,15.86721016,38.69716812,6.388398442,4.029128735,65.83999164,1.303290238,24.09965397,58.77456414,9.702915026,6.11957662
Charaxes_bernardus_category_quantity,0.390027678,3.743415549,45.35842109,7.673287893,3.700817557,60.86596977,0.640797607,6.150260258,74.52180794,12.60686049,6.080273708
Cheritra_freja_category_quantity,2.835549983,3.312546312,84.36920371,18.24056495,0.646456801,109.4043218,2.591808018,3.027802064,77.11688383,16.67261828,0.59088781
Chilasa_clytia_category_quantity,1.259557889,22.76847617,63.22571709,11.78955094,1.239534593,100.2828367,1.256005445,22.70426019,63.04739593,11.75629981,1.236038622
Cigaritis_lohita_category_quantity,0.761912458,6.732463096,39.82114567,11.98964997,1.552221538,60.85739273,1.251963687,11.06268736,65.43353877,19.70122188,2.550588299
Cigaritis_vulcanus_category_quantity,0.163764904,7.909211499,14.448726,0.466626631,0.79304261,23.78137164,0.688626823,33.25801227,60.75648712,1.962151881,3.334721907
Cupha_erymanthis_category_quantity,2.453337198,2.971627762,83.97131117,22.38244774,4.914902367,116.6936262,2.102374634,2.546521055,71.95878119,19.18052293,4.211800186
Curetis_acuta_category_quantity,0.016709901,8.990930768,15.03621526,1.3423436,1.983215772,27.3694153,0.06105319,32.85028441,54.93802149,4.904538826,7.246102082
Cyrestis_thyodamas_category_quantity,0.128385202,5.004362752,36.88957615,30.11321578,0.934599541,73.07013943,0.175701323,6.848711103,50.48515911,41.21138404,1.27904442
Danaus_chrysippus_category_quantity,0.328879454,6.676626832,24.96484233,1.822008749,1.428307965,35.22066533,0.933768431,18.95656078,70.88123434,5.173124164,4.055312277
Danaus_genutia_category_quantity,0.973402134,6.387012061,55.37038469,8.916974828,1.080027583,72.7278013,1.338418207,8.782077757,76.13372562,12.26075128,1.485027134
Danaus_melanippus_category_quantity,0.391678203,13.53331093,18.77694527,1.032323732,17.19509855,50.92935669,0.769061752,26.57271132,36.86860878,2.026971867,33.76264628
Delias_eucharis_category_quantity,0.278807709,2.878227305,21.4534728,2.885711911,2.511940655,30.00816038,0.929106301,9.591482012,71.49212924,9.616423914,8.370858537
Delias_hyparete_category_quantity,1.289863011,16.76373907,49.36087404,5.117190297,11.05458185,83.58624827,1.543152178,20.0556185,59.05382173,6.122048068,13.22535953
Delias_pasithoe_category_quantity,0,0.489670646,22.74485748,6.618741735,2.220835716,32.07410558,0,1.526685272,70.91345829,20.6357796,6.92407684
Deudorix_epijarbas_category_quantity,0.726387151,0.650925071,46.43855533,27.25097072,0.543456779,75.61029505,0.960698739,0.860894764,61.41829667,36.04134953,0.718760294
Discophora_sondaica_category_quantity,8.73E-05,5.094598779,32.20690827,14.6218294,1.074056939,52.99748069,0.000164725,9.612907468,60.77064014,27.58966881,2.02661886
Doleschallia_bisaltide_category_quantity,2.606588798,3.518371004,50.63202057,11.62791642,0.118177123,68.50307392,3.80506837,5.136077555,73.91204172,16.97429875,0.172513606
Drupadia_ravindra_category_quantity,0.469014839,6.539752524,19.52907465,0.700125992,7.217367581,34.45533559,1.361225572,18.98037681,56.67939179,2.031981347,20.94702448
Dryas_iulia_category_quantity,0.23781987,18.3473398,2.418250632,0.042969698,15.07316493,36.11954493,0.658424325,50.79615437,6.695130397,0.118965225,41.73132568
Elymnias_caudata_category_quantity,10.72047208,1.54979125,202.9979775,104.3525151,27.56391676,347.1846727,3.087829885,0.446388154,58.46974059,30.05677477,7.9392666
Elymnias_hypermnestra_category_quantity,0.702096574,22.61511392,39.09683022,12.32585162,1.007268491,75.74716083,0.926894905,29.8560549,51.61491176,16.27236122,1.329777222
Eooxylides_tharis_category_quantity,0.00367467,11.94612025,6.30451881,0.053031001,6.007326825,24.31467156,0.015112974,49.13132477,25.92886684,0.218102889,24.70659252
Euchrysops_cnejus_category_quantity,0.368055433,5.118720144,23.67340251,1.164807573,2.154252368,32.47923803,1.133202179,15.75997608,72.8878014,3.586314346,6.632705996
Euploea_core_category_quantity,0.808556339,1.708961597,39.60627445,9.01453407,1.462371213,52.60069767,1.537158963,3.248933327,75.29610101,17.13767016,2.780136534
Euploea_midamus_category_quantity,0,3.185416834,14.52832072,2.576013568,2.594594059,22.88434518,0,13.91963287,63.48584854,11.25666279,11.33785581
Euploea_mulciber_category_quantity,1.63481025,8.552648605,74.42654271,25.93167729,13.42981508,123.9754939,1.318655968,6.898660641,60.03326976,20.91677675,10.83263688
Euploea_radamanthus_category_quantity,1.6297027,3.887683245,68.9734748,9.575983855,3.585410057,87.65225466,1.859282122,4.435348823,78.68990372,10.92497152,4.090493817
Euploea_sylvester_category_quantity,9.629231912,1.363708853,79.41259277,12.79681701,0.092913063,103.2952636,9.322045925,1.32020463,76.87921982,12.38858062,0.089949006
Euploea_tulliolus_category_quantity,0.033741929,13.76446999,66.2347057,39.56895956,18.85495071,138.4568279,0.02437,9.941344316,47.83780382,28.57855417,13.61792769
Eurema_blanda_category_quantity,3.146710671,0.166320823,100.2637266,37.58191148,0.003823772,141.1624933,2.229140756,0.117822248,71.02717175,26.62315647,0.002708773
Eurema_hecabe_category_quantity,0.443906533,6.320086083,35.1430872,4.997667557,0.351460366,47.25620774,0.939361312,13.37408646,74.36713372,10.57568475,0.74373375
Eurema_mandarina_category_quantity,0,5.946213527,0.589797534,0.77518875,9.776553542,17.08775335,0,34.79810016,3.451580333,4.536516498,57.21380301
Euthalia_aconthea_category_quantity,0.431760533,4.081888006,29.68669406,5.200620358,7.654887963,47.05585092,0.917549092,8.674559967,63.08821003,11.05201639,16.26766452
Euthalia_lubentina_category_quantity,0.249929525,3.353209932,37.40567048,11.41020437,3.06826342,55.48727773,0.45042672,6.043204982,67.41305757,20.5636406,5.529670126
Euthalia_monina_category_quantity,1.021932104,12.30664087,42.12955986,13.87781064,29.77847841,99.11442188,1.031062972,12.41659956,42.50598355,14.00180758,30.04454634
Euthalia_phemius_category_quantity,0,8.458613082,5.608749269,3.295178719,3.475616067,20.83815714,0,40.59194403,26.91576435,15.81319642,16.6790952
Everes_lacturnus_category_quantity,1.446967431,6.655512635,47.22191774,4.363172997,11.86894973,71.55652053,2.022132183,9.301056823,65.99247335,6.097519785,16.58681786
Faunis_canens_category_quantity,0.242560546,4.382216601,24.46681244,2.213951564,6.200385597,37.50592675,0.64672591,11.68406431,65.23452308,5.902937898,16.53174881
Faunis_eumeus_category_quantity,7.160864913,27.15665168,79.80342756,11.34870558,0.357188611,125.8268383,5.691047321,21.58255904,63.42321607,9.01930441,0.283873151
Freyeria_putli_category_quantity,0.413752634,3.146547673,23.01667302,1.52904135,0.419704344,28.52571902,1.450454706,11.03056393,80.6874421,5.360220189,1.471319071
Graphium_agamemnon_category_quantity,2.78695701,4.240403597,98.13185484,16.32060044,0.095321244,121.5751371,2.292374145,3.487887159,80.71704228,13.4242912,0.078405212
Graphium_antiphates_category_quantity,1.716564389,2.096672274,64.35978741,15.65007737,0.647260655,84.4703621,2.032149912,2.48213956,76.19215286,18.52729997,0.766257701
Graphium_doson_category_quantity,0.773243098,3.653226755,45.18036871,11.46506731,0.196626772,61.26853265,1.262055846,5.962647704,73.74155502,18.71281523,0.320926197
Graphium_nomius_category_quantity,0.096616033,4.739995131,17.59359697,2.201891377,2.1011645,26.73326401,0.361407544,17.73070108,65.81163064,8.236522768,7.859737962
Graphium_sarpedon_category_quantity,0.136267453,4.485802662,36.09384464,5.090703895,1.72327145,47.5298901,0.286698439,9.437856163,75.93925541,10.71053159,3.625658394
Hasora_badra_category_quantity,0.00127802,9.36042915,46.4444597,48.80129903,5.328601519,109.9360674,0.001162512,8.514429677,42.24679015,44.39061736,4.847000301
Hasora_chromus_category_quantity,0.177165678,4.194668615,18.4092033,1.678296077,1.001481573,25.46081524,0.695836627,16.47499727,72.30406067,6.591682399,3.93342304
Hebomoia_glaucippe_category_quantity,2.190703174,0.478315568,83.17844444,24.40277946,2.409833656,112.6600763,1.944524845,0.42456528,73.83134041,21.66053873,2.139030733
Heliophorus_epicles_category_quantity,0.30941871,13.68825023,24.5149458,12.59771058,0.180074149,51.29039947,0.603268279,26.68774346,47.79636356,24.56153727,0.351087437
Heliophorus_ila_category_quantity,0.03180032,7.283150213,57.16272688,27.48271985,12.25068339,104.2110807,0.030515296,6.988844341,54.85282997,26.37216664,11.75564375
Hestina_assimilis_category_quantity,0,7.253085984,11.49794473,0.362691759,8.265368036,27.37909051,0,26.4913328,41.99534943,1.324703459,30.18861431
Hyarotis_adrastus_category_quantity,0.362970936,14.00193207,21.60711845,7.706478566,6.243161193,49.92166122,0.727081045,28.04780877,43.28205016,15.43714367,12.50591635
Hypolimnas_anomala_category_quantity,0.313384776,6.179879211,32.97845996,3.880509481,13.94758079,57.29981422,0.546921103,10.78516448,57.55421795,6.772289813,24.34140665
Hypolimnas_bolina_category_quantity,1.820962384,3.356883442,73.5560313,10.95540144,0.478287425,90.16756599,2.019531485,3.722938958,81.57703992,12.15004677,0.53044287
Hypolimnas_misippus_category_quantity,0.474333419,4.457099665,24.56651215,2.20989992,1.301519479,33.00936463,1.436966219,13.50253092,74.42285674,6.694766605,3.942879524
Hypolycaena_erylus_category_quantity,2.329940983,8.585272736,62.87083773,12.59023325,10.41313312,96.78941782,2.407226984,8.87005308,64.95631356,13.00786133,10.75854505
Iambrix_salsala_category_quantity,2.822395767,1.029995616,71.6943694,21.14157539,2.092479541,98.78081571,2.857230674,1.04270815,72.57924414,21.40251145,2.11830559
Idea_leuconoe_category_quantity,1.223589506,9.531557284,82.51307803,19.41825759,42.16579159,154.852274,0.790165668,6.155258194,53.2850283,12.5398595,27.22968834
Ideopsis_similis_category_quantity,0.422765155,17.11612966,22.12840945,11.46818158,8.950232255,60.0857181,0.703603399,28.4861864,36.82806855,19.08636851,14.89577314
Ideopsis_vulgaris_category_quantity,0.317721472,6.681366956,11.41462786,0.404090591,15.25518551,34.07299239,0.932473052,19.60898203,33.50051481,1.185955687,44.77207442
Iraota_timoleon_category_quantity,0.34656301,1.343682271,28.81137474,20.73891132,0.096169404,51.33670075,0.675078462,2.617391168,56.12237312,40.39782654,0.187330706
Isoteinon_lamprospilus_category_quantity,0.01778491,15.12945131,40.88388225,26.41524049,17.81734334,100.2637023,0.017738134,15.08965953,40.77635407,26.3457661,17.77048217
Ixias_pyrene_category_quantity,0.533008703,4.526551442,44.81861311,11.69141025,0.359347054,61.92893056,0.860678036,7.3092679,72.37104324,18.87875367,0.580257161
Jamides_alecto_category_quantity,0.35705147,5.137437127,64.33820787,57.63653014,1.714783694,129.1840103,0.276389833,3.976836696,49.80353816,44.61583907,1.327396239
Jamides_bochus_category_quantity,0.779290957,4.861102622,64.69092878,13.45543185,5.17487354,88.96162775,0.875985497,5.464268972,72.71778903,15.12498387,5.816972633
Jamides_celeno_category_quantity,2.498423013,1.487580911,70.41067287,10.71556207,1.427774328,86.54001319,2.887014828,1.718951565,81.36198537,12.38220527,1.649842975
Junonia_almana_category_quantity,0.60180437,6.58321071,41.189961,6.354434689,0.372020052,55.10143082,1.092175577,11.94744059,74.75297898,11.53224988,0.675154976
Junonia_atlites_category_quantity,1.118991456,6.534546017,65.8623121,18.51958572,0.180771496,92.21620679,1.213443379,7.086114518,71.42162359,20.08278844,0.196030071
Junonia_hedonia_category_quantity,0.531234587,4.177017761,29.30028741,2.301101526,15.55921945,51.86886073,1.024187884,8.053035486,56.48916709,4.436383397,29.99722614
Junonia_hierta_category_quantity,0.185180735,4.00812314,27.28829371,3.45510164,0.702226087,35.63892531,0.519602467,11.24647588,76.56878952,9.694741381,1.970390748
Junonia_iphita_category_quantity,2.175290492,2.14700306,90.50977098,18.66647779,1.910369445,115.4089118,1.884854868,1.860344255,78.42528761,16.1742083,1.655304964
Junonia_lemonias_category_quantity,0.550038563,4.135043438,41.3200419,6.760321423,0.371263426,53.13670875,1.035138562,7.781896048,77.76176371,12.72250687,0.69869481
Junonia_orithya_category_quantity,1.272836275,3.529018582,48.25608142,4.090982704,0.331648273,57.48056725,2.214376677,6.139498531,83.95199234,7.117157849,0.5769746
Kallima_inachus_category_quantity,0.017523875,5.141176503,29.06844783,27.27866983,1.891980061,63.3977981,0.027641141,8.109392845,45.85087921,43.02778748,2.984299325
Kallima_sylvia_category_quantity,1.649050629,2.981137016,58.99705292,7.383248642,0.818723672,71.82921288,2.295793818,4.1503128,82.13517948,10.27889398,1.139819913
Lampides_boeticus_category_quantity,0.636402211,3.818255857,44.00913618,4.134177575,0.264818034,52.86278986,1.203875567,7.222955632,83.25163371,7.820581521,0.500953572
Lamproptera_curius_category_quantity,0.423676573,5.666471538,33.19792302,9.062075119,2.826091666,51.17623792,0.827877527,11.07246599,64.86979968,17.70758361,5.52227319
Lebadea_martha_category_quantity,2.04529254,7.502193792,67.3687869,7.972455966,4.536332584,89.42506178,2.287158096,8.389363834,75.33546587,8.915236744,5.072775454
Leptosia_nina_category_quantity,1.275840914,9.182489575,67.75851821,9.669174514,0.480565261,88.36658847,1.443804651,10.39135915,76.67888891,10.94211588,0.543831407
Leptotes_plinius_category_quantity,0.26498571,5.601874918,23.74288086,3.101365101,1.395050753,34.10615734,0.776943903,16.4248199,69.61464648,9.093270373,4.090319349
Lethe_confusa_category_quantity,0.002511284,1.903487347,43.00318675,15.9400961,0.509794251,61.35907573,0.004092767,3.102209941,70.08447607,25.97838365,0.830837565
Lethe_europa_category_quantity,0.583554475,1.370862243,51.80973111,17.33031726,1.551217012,72.6456821,0.803288589,1.887052614,71.31839032,23.85594953,2.135318944
Lexias_pardalis_category_quantity,0.862074074,10.22058747,27.00414487,0.910421732,16.80184101,55.79906916,1.544961389,18.31677056,48.39533218,1.631607383,30.11132849
Libythea_lepita_category_quantity,0.005553049,9.15617524,7.623222125,2.291869156,5.547924232,24.6247438,0.022550687,37.18282437,30.95756929,9.307179699,22.52987595
Limenitis_procris_category_quantity,0.501836573,6.324065873,39.29915499,8.731819811,1.985930503,56.84280775,0.882849727,11.12553395,69.13654787,15.36134501,3.493723448
Limenitis_sulpitia_category_quantity,0.006686436,11.48302145,28.79979944,3.946843389,2.566990741,46.80334146,0.014286236,24.53461888,61.53363957,8.432823953,5.484631356
Loxura_atymnus_category_quantity,0.251185063,11.44163698,53.29322688,14.04818388,1.012358574,80.04659138,0.313798575,14.29372167,66.57775923,17.55000886,1.264711659
Luthrodes_pandava_category_quantity,1.091931954,8.292033021,52.23840242,3.682120007,3.789595073,69.09408248,1.580355242,12.00107552,75.60474146,5.32913945,5.484688322
Lycaena_phlaeas_category_quantity,0,0.917564804,9.076229977,0.224063691,7.75077521,17.96863368,0,5.106480661,50.51151989,1.246971222,43.13502822
Matapa_aria_category_quantity,1.111108129,10.03941714,62.66268183,14.84137626,0.22405886,88.87864222,1.250140755,11.29564639,70.50364437,16.69847321,0.252095278
Megisba_malaya_category_quantity,0.841774233,6.599282875,50.14122234,33.91084588,0.579002393,92.07212772,0.914255219,7.16751425,54.45863323,36.8307399,0.628857405
Melanitis_leda_category_quantity,0.671046833,4.278756451,44.7462371,7.106671735,0.278889126,57.08160125,1.175592167,7.495859187,78.38994724,12.45002169,0.488579717
Melanitis_phedima_category_quantity,0.455349633,4.270662705,29.7023787,5.966134618,0.393288481,40.78781414,1.116386457,10.47043779,72.82169768,14.62724773,0.964230345
Mycalesis_horsfieldii_category_quantity,0,15.50336895,22.0779614,10.08881322,9.384293276,57.05443685,0,27.17294186,38.69630939,17.68278468,16.44796408
Mycalesis_mineus_category_quantity,1.851834489,1.562119503,89.12191308,29.95442512,1.348748398,123.8390406,1.495355972,1.26141118,71.96592662,24.18819217,1.089114056
Mycalesis_perseoides_category_quantity,1.050433029,10.68129973,41.6860147,2.171840924,18.36366232,73.9532507,1.420401428,14.44331335,56.36806267,2.936775467,24.83144709
Mycalesis_perseus_category_quantity,2.193855137,2.244364574,83.47360922,13.23376798,0.472498283,101.6180952,2.158921728,2.208626888,82.14443408,13.02304275,0.464974552
Nacaduba_kurava_category_quantity,0.39801427,5.263406227,48.51230054,43.86769077,2.447104212,100.488516,0.396079359,5.237818644,48.27646229,43.65443188,2.435207832
Neope_muirheadii_category_quantity,0,4.248708471,20.86461081,2.970670789,4.083364621,32.16735469,0,13.2081376,64.86268769,9.235048444,12.69412627
Neopithecops_zalmora_category_quantity,0.921046306,24.29134981,63.69938147,25.27150953,2.183960286,116.3672474,0.791499607,20.87473095,54.73995724,21.71702957,1.87678263
Neptis_clinia_category_quantity,0.106553356,5.489278084,32.55470967,18.74402641,1.963105354,58.85767287,0.181035625,9.326359361,55.31090184,31.84636003,3.335343139
Neptis_hylas_category_quantity,1.612914026,3.648967592,68.30388901,12.48473597,1.433655744,87.48416234,1.843664022,4.171003636,78.07571929,14.27085273,1.638760326
Neptis_sappho_category_quantity,9.83E-06,6.926265245,10.08519001,2.435367871,4.069672478,23.51650543,4.18004E-05,29.4527827,42.8855811,10.35599391,17.30560048
Notocrypta_curvifascia_category_quantity,2.375778574,6.368609573,78.51717756,70.80109558,0.222781473,158.2854428,1.500945717,4.023496704,49.60480016,44.73001076,0.140746659
Notocrypta_paralysos_category_quantity,0.721536151,8.027664546,57.52210793,24.03636669,1.98163443,92.28930975,0.781819859,8.698368823,62.3280292,26.04458388,2.147198235
Odontoptilum_angulata_category_quantity,0.097741582,7.849034971,32.20410415,17.37175898,2.151478456,59.67411814,0.163792252,13.15316458,53.96661929,29.11104432,3.605379557
Orsotriaena_medus_category_quantity,0.979583998,11.86125945,56.71856762,32.25998561,7.109467074,108.9288638,0.899287814,10.88899585,52.06936497,29.61564502,6.526706356
Pachliopta_aristolochiae_category_quantity,0.526613563,4.734585382,32.95061777,3.829165236,1.670609413,43.71159136,1.204745804,10.83141847,75.38187639,8.760068249,3.821891084
Pachliopta_hector_category_quantity,1.262965488,4.761226346,21.77617529,2.048187646,3.041633153,32.89018792,3.839946099,14.47612995,66.2087287,6.227351606,9.247843643
Pantoporia_hordonia_category_quantity,1.196055648,2.163553148,74.68080795,25.49560992,1.110467763,104.6464944,1.142948605,2.067487458,71.36484443,24.36355853,1.061160977
Papilio_bianor_category_quantity,0,2.585831461,15.79054016,2.297127311,4.990029546,25.66352848,0,10.07589998,61.52910802,8.950941072,19.44405092
Papilio_clytia_category_quantity,0,10.24883754,11.7509892,4.087297689,10.71493885,36.80206328,0,27.84854062,31.93024562,11.10616451,29.11504925
Papilio_demoleus_category_quantity,0.553248218,8.021170259,33.2947176,2.548775228,2.345753918,46.76366522,1.183072831,17.15256967,71.19783584,5.450332466,5.016189186
Papilio_helenus_category_quantity,0.314257953,1.867106481,55.80311657,12.35605994,0.066739171,70.40728012,0.446342981,2.651865656,79.2575945,17.54940671,0.094790156
Papilio_memnon_category_quantity,3.414304332,3.277240677,106.8879084,28.42559635,0.144322649,142.1493724,2.401913054,2.305490782,75.1940769,19.9969904,0.101528868
Papilio_nephelus_category_quantity,1.15437006,1.531630585,62.00691333,21.47062078,3.061736052,89.22527081,1.293770307,1.716588329,69.49478861,24.06338539,3.431467368
Papilio_paris_category_quantity,0.09267413,0.883698689,42.86490391,9.921935671,0.070030371,53.83324277,0.172150376,1.641548314,79.62534245,18.43087126,0.130087595
Papilio_polymnestor_category_quantity,0.530743361,10.58423845,44.60003668,12.25347659,13.2234187,81.19191378,0.653689926,13.0360746,54.93162386,15.09199133,16.28662029
Papilio_polytes_category_quantity,0.794285666,2.976895918,45.38689446,9.752217204,0.2383797,59.14867295,1.342863037,5.032903985,76.73358031,16.48763483,0.403017833
Papilio_protenor_category_quantity,0.088268316,5.272406155,18.3358414,7.157634805,0.910445324,31.764596,0.277882697,16.59837309,57.72414483,22.53337271,2.866226676
Papilio_xuthus_category_quantity,0,6.276444203,3.848039783,0.483662622,5.09711878,15.70526539,0,39.9639487,24.50159031,3.079620815,32.45484017
Parantica_aglea_category_quantity,1.075204232,9.016435517,57.87731669,37.28371289,2.79309053,108.0457599,0.995137832,8.345015602,53.56741141,34.50733554,2.585099622
Parantica_agleoides_category_quantity,0.565832235,5.782257021,16.08513371,0.135143113,6.781193466,29.34955955,1.927907075,19.70134173,54.80536662,0.460460447,23.10492413
Parantica_sita_category_quantity,0.001321817,4.210099169,13.52780747,5.9888101,2.977157308,26.70519586,0.004949662,15.76509377,50.65608782,22.42563631,11.14823244
Parathyma_nefte_category_quantity,0.543448031,3.72000594,51.26269723,28.40412142,0.546788877,84.4770615,0.643308398,4.403569293,60.68238682,33.62347236,0.647263135
Parathyma_perius_category_quantity,0.376034063,20.67110142,34.09605814,14.12128117,2.20161189,71.46608668,0.526171336,28.92435053,47.70942376,19.75941572,3.080638653
Parathyma_selenophora_category_quantity,1.427905282,8.084494868,50.28530973,26.4634561,0.405279672,86.66644565,1.647587219,9.328287098,58.02165919,30.53483491,0.467631583
Pareronia_hippia_category_quantity,0.151782915,3.836686925,35.19597891,3.453683641,4.2376484,46.87578079,0.323798159,8.184795774,75.08350435,7.367735711,9.040166006
Pelopidas_mathias_category_quantity,0.306348298,4.737880638,33.80842733,1.677841263,2.401896614,42.93239414,0.713559782,11.03567768,78.74805961,3.908100856,5.594602076
Phaedyma_columella_category_quantity,1.67429817,17.28532625,21.9189577,2.45440109,22.51801777,65.85100098,2.542555383,26.24914731,33.28568643,3.72720392,34.19540696
Phalanta_phalantha_category_quantity,0.410431643,2.08409226,30.09277887,8.871029174,1.093167092,42.55149904,0.964552724,4.89781161,70.7208431,20.84774773,2.569044844
Pieris_canidia_category_quantity,0.233414149,1.835968842,29.12818594,5.478347745,0.239112035,36.91502871,0.632301144,4.973499699,78.90603626,14.84042661,0.647736283
Pieris_rapae_category_quantity,0,8.784111355,7.862620247,1.209008595,5.978838066,23.83457826,0,36.85448619,32.98829189,5.072498375,25.08472355
Polygonia_c-aureum_category_quantity,0,6.237413356,3.135046056,0.615947767,4.181485911,14.16989309,0,44.01877499,22.12469802,4.3468766,29.50965039
Polytremis_lubricans_category_quantity,0.020714578,6.122799714,24.32514934,21.97477956,8.127899039,60.57134223,0.034198645,10.10841016,40.15950191,36.27916891,13.41872037
Polyura_athamas_category_quantity,1.41999801,2.181673732,77.65047281,10.83575236,2.339573544,94.42747046,1.503797574,2.310422721,82.23292696,11.47521194,2.47764081
Potanthus_omaha_category_quantity,0.535423455,3.814596276,17.21390471,0.576281389,13.49502885,35.63523468,1.502511376,10.70456336,48.30585477,1.617167374,37.86990312
Prosotas_dubiosa_category_quantity,1.035474683,2.344553704,48.47393449,10.26292614,1.565416232,63.68230525,1.626000628,3.681640755,76.11837276,16.11582071,2.458165146
Prosotas_nora_category_quantity,2.556754962,1.170182679,115.6417475,40.11397187,0.903985966,160.386643,1.594119631,0.72960108,72.10185671,25.01079337,0.563629208
Pseudocoladenia_dan_category_quantity,1.982326878,6.665961463,83.70075336,22.58385072,0.857998368,115.7908908,1.711988624,5.756896262,72.28612958,19.50399601,0.740989522
Pseudozizeeria_maha_category_quantity,0.106333966,6.092256915,24.31658847,2.090777641,0.233384377,32.83934137,0.323800544,18.5517025,74.04712597,6.36668567,0.710685316
Rapala_manea_category_quantity,0.466376063,1.108440133,35.91189905,9.279433824,2.250461829,49.0166109,0.951465339,2.261356125,73.2647533,18.93120241,4.591222828
Rathinda_amor_category_quantity,2.99804949,4.63397318,53.11018065,24.96335799,17.77809981,103.4836611,2.897123524,4.477975682,51.32228612,24.12299461,17.17962007
Remelana_jangala_category_quantity,0.037779655,7.788870298,22.73947396,16.73328214,5.794837929,53.09424398,0.071155839,14.66989586,42.82851069,31.51618873,10.91424888
Spalgis_epius_category_quantity,2.046099567,3.688043479,85.48923065,13.01979962,1.649775792,105.8929491,1.932234001,3.482803633,80.73174972,12.29524697,1.557965668
Suastus_gremius_category_quantity,1.233111202,7.413647553,38.92339063,5.735386694,2.564598272,55.87013435,2.207102625,13.26942854,69.66761595,10.26556811,4.590284777
Symbrenthia_hypselis_category_quantity,0.070705761,1.992086891,30.35517192,12.71162942,0.412497798,45.54209179,0.155253653,4.374166431,66.65300325,27.91182601,0.905750662
Tagiades_japetus_category_quantity,2.327286469,1.905430278,71.70248458,19.82445203,1.98474414,97.7443975,2.380992188,1.949401016,73.35712984,20.28193179,2.030545168
Tagiades_litigiosa_category_quantity,1.238168405,18.59236287,64.27749582,40.40392325,3.565631246,128.0775816,0.966733123,14.51648496,50.18637534,31.54644454,2.783962034
Tajuria_cippus_category_quantity,1.100495317,5.809824964,62.49177185,9.716137684,10.87406124,89.99229106,1.22287732,6.455914052,69.44125004,10.79663332,12.08332526
Talicada_nyseus_category_quantity,1.693251442,0.924846955,49.80726558,5.520865448,1.198167262,59.14439669,2.862911006,1.563710185,84.2129912,9.334553664,2.025833941
Tanaecia_iapis_category_quantity,0.020478614,11.32741969,7.303211518,1.258307326,13.28940222,33.19881937,0.061684766,34.11994735,21.99840734,3.790217092,40.02974345
Tanaecia_lepidea_category_quantity,0.833484268,12.54566529,52.1275732,18.99497042,0.788163812,85.28985699,0.977237268,14.7094458,61.11813883,22.27107782,0.924100286
Tanaecia_pelea_category_quantity,0.026104626,12.03017203,8.610256556,1.730517743,13.56476141,35.96181237,0.072589851,33.45263,23.94277705,4.812098249,37.71990486
Telicota_bambusae_category_quantity,2.176249518,0.92527348,65.84780722,26.08079882,1.755960353,96.78608939,2.248514773,0.955998414,68.03437109,26.94684637,1.814269348
Tirumala_limniace_category_quantity,0.826462681,2.553464368,42.76122436,12.485561,2.419292329,61.04600474,1.353835824,4.182852554,70.04753963,20.45270784,3.96306415
Tirumala_septentrionis_category_quantity,3.182880909,1.011218827,57.65153048,12.34677905,1.23661615,75.42902542,4.21970308,1.340622952,76.43149326,16.36873734,1.639443362
Troides_helena_category_quantity,0.906105522,8.129673276,47.52729727,20.9613699,4.944970612,82.46941658,1.098717027,9.857803793,57.63020916,25.41714343,5.996126585
Udaspes_folus_category_quantity,0.339609328,4.547328781,32.24194074,10.62940984,6.528079235,54.28636792,0.625588598,8.376557421,59.39233361,19.58025605,12.02526432
Vanessa_canace_category_quantity,0.010358061,5.550170609,21.23247695,2.193780956,0.876232493,29.86301907,0.034685244,18.58543035,71.09956599,7.346145917,2.934172499
Vanessa_cardui_category_quantity,0.166943045,1.235524823,34.82066424,3.371710206,2.228071698,41.82291401,0.399166459,2.954181582,83.25738429,8.061872984,5.327394685
Vanessa_indica_category_quantity,2.20E-05,3.332015627,20.20412178,3.009639969,1.943953162,28.48975254,7.72207E-05,11.69548813,70.91715435,10.56393861,6.823341689
Vindula_erota_category_quantity,1.794060229,2.380895826,68.58215766,11.6560129,0.898999644,85.31212626,2.102936954,2.790805868,80.38969449,13.6627856,1.053777093
Ypthima_baldus_category_quantity,1.32282671,11.35766231,64.40394074,30.86558434,7.681128306,115.6311424,1.14400557,9.822321283,55.69774664,26.6931414,6.642785106
Ypthima_huebneri_category_quantity,1.958598094,1.481115262,63.91444785,8.233384092,3.154937309,78.74248261,2.48734613,1.88096084,81.16895192,10.45608904,4.00665207
Ypthima_multistriata_category_quantity,0.024766311,20.74608039,44.90531756,10.92371416,3.526384112,80.12626253,0.030909105,25.89173604,56.043195,13.63312579,4.401034069
Zeltus_amasa_category_quantity,0.527713573,7.798706282,55.43511466,16.40700661,0.925666092,81.09420722,0.650741392,9.616847553,68.35890819,20.23203281,1.141470055
Zemeros_flegyas_category_quantity,0.185222323,3.386385087,28.28116587,8.631025503,1.530678908,42.01447769,0.440853566,8.060043283,67.31290599,20.54297941,3.643217748
Zizeeria_karsandra_category_quantity,0.525804896,4.311411808,31.9375379,5.136341253,3.320024276,45.23112013,1.162484799,9.53195896,70.60965505,11.35576841,7.340132781
Zizina_otis_category_quantity,1.237587019,3.447532377,63.10536567,8.064909297,2.433611402,78.28900577,1.580792867,4.403597087,80.60565472,10.30145832,3.108497008
Zizula_hylax_category_quantity,0.583472462,3.416076353,30.51288003,4.4052084,2.19644745,41.1140847,1.419154692,8.308773936,74.21515098,10.71459679,5.342323601
,0.952831747,6.538584266,44.30752311,12.87976118,4.285885792,68.96458609,1.146667475,12.15011848,62.88668818,15.79755621,8.018969659
