species,expansion,stability,unfilling,,,,
Abisara_echeria_dynamic_index_w,0.06,0.94,0.01,,,,
Acraea_issoria_dynamic_index_w,0.07,0.93,0.01,,,,
Acraea_terpsicore_dynamic_index_w,0.19,0.81,0.06,,,,
Acytolepis_puspa_dynamic_index_w,0.05,0.95,0.02,,,,
Aglais_caschmirensis_dynamic_index_w,0.01,0.99,0.00,,,,
Amathusia_phidippus_dynamic_index_w,0.22,0.78,0.14,,,,
Ampittia_dioscorides_dynamic_index_w,0.01,0.99,0.02,,,,
Anthene_emolus_dynamic_index_w,0.21,0.79,0.01,,,,
Appias_libythea_dynamic_index_w,0.12,0.88,0.03,,,,
Appias_lyncida_dynamic_index_w,0.14,0.86,0.07,,,,
Argynnis_hyperbius_dynamic_index_w,0.34,0.66,0.03,,,,
Arhopala_centaurus_dynamic_index_w,0.11,0.89,0.03,,,,
Ariadne_ariadne_dynamic_index_w,0.03,0.97,0.01,,,,
Ariadne_merione_dynamic_index_w,0.10,0.90,0.00,,,,
Astictopterus_jama_dynamic_index_w,0.28,0.72,0.16,,,,
Atrophaneura_aidoneus_dynamic_index_w,0.35,0.65,0.09,,,,
Atrophaneura_aristolochiae_dynamic_index_w,0.39,0.61,0.25,,,,
Atrophaneura_varuna_dynamic_index_w,0.44,0.56,0.04,,,,
Badamia_exclamationis_dynamic_index_w,0.14,0.86,0.03,,,,
Belenois_aurota_dynamic_index_w,0.46,0.54,0.03,,,,
Borbo_cinnara_dynamic_index_w,0.06,0.94,0.02,,,,
Caleta_elna_dynamic_index_w,0.09,0.91,0.04,,,,
Castalius_rosimon_dynamic_index_w,0.10,0.90,0.02,,,,
Catochrysops_strabo_dynamic_index_w,0.18,0.82,0.04,,,,
Catopsilia_pomona_dynamic_index_w,0.08,0.92,0.00,,,,
Catopsilia_pyranthe_dynamic_index_w,0.12,0.88,0.01,,,,
Celastrina_lavendularis_dynamic_index_w,0.03,0.97,0.01,,,,
Cepora_nerissa_dynamic_index_w,0.11,0.89,0.01,,,,
Cethosia_cyane_dynamic_index_w,0.29,0.71,0.06,,,,
Charaxes_bernardus_dynamic_index_w,0.08,0.92,0.06,,,,
Cheritra_freja_dynamic_index_w,0.04,0.96,0.01,,,,
Chilasa_clytia_dynamic_index_w,0.26,0.74,0.01,,,,
Cigaritis_lohita_dynamic_index_w,0.14,0.86,0.03,,,,
Cigaritis_vulcanus_dynamic_index_w,0.35,0.65,0.02,,,,
Cupha_erymanthis_dynamic_index_w,0.03,0.97,0.03,,,,
Curetis_acuta_dynamic_index_w,0.37,0.63,0.07,,,,
Cyrestis_thyodamas_dynamic_index_w,0.12,0.88,0.01,,,,
Danaus_chrysippus_dynamic_index_w,0.21,0.79,0.03,,,,
Danaus_genutia_dynamic_index_w,0.10,0.90,0.01,,,,
Danaus_melanippus_dynamic_index_w,0.42,0.58,0.19,,,,
Delias_eucharis_dynamic_index_w,0.12,0.88,0.04,,,,
Delias_hyparete_dynamic_index_w,0.25,0.75,0.12,,,,
Delias_pasithoe_dynamic_index_w,0.02,0.98,0.08,,,,
Deudorix_epijarbas_dynamic_index_w,0.01,0.99,0.01,,,,
Discophora_sondaica_dynamic_index_w,0.14,0.86,0.03,,,,
Doleschallia_bisaltide_dynamic_index_w,0.06,0.94,0.00,,,,
Drupadia_ravindra_dynamic_index_w,0.25,0.75,0.11,,,,
Dryas_iulia_dynamic_index_w,0.88,0.12,0.97,,,,
Elymnias_caudata_dynamic_index_w,0.01,0.99,0.13,,,,
Elymnias_hypermnestra_dynamic_index_w,0.37,0.63,0.01,,,,
Eooxylides_tharis_dynamic_index_w,0.65,0.35,0.28,,,,
Euchrysops_cnejus_dynamic_index_w,0.18,0.82,0.04,,,,
Euploea_core_dynamic_index_w,0.04,0.96,0.01,,,,
Euploea_midamus_dynamic_index_w,0.18,0.82,0.14,,,,
Euploea_mulciber_dynamic_index_w,0.10,0.90,0.10,,,,
Euploea_radamanthus_dynamic_index_w,0.05,0.95,0.04,,,,
Euploea_sylvester_dynamic_index_w,0.02,0.98,0.00,,,,
Euploea_tulliolus_dynamic_index_w,0.17,0.83,0.12,,,,
Eurema_blanda_dynamic_index_w,0.00,1.00,0.00,,,,
Eurema_hecabe_dynamic_index_w,0.15,0.85,0.01,,,,
Eurema_mandarina_dynamic_index_w,0.91,0.09,0.82,,,,
Euthalia_aconthea_dynamic_index_w,0.12,0.88,0.07,,,,
Euthalia_lubentina_dynamic_index_w,0.08,0.92,0.04,,,,
Euthalia_monina_dynamic_index_w,0.23,0.77,0.27,,,,
Euthalia_phemius_dynamic_index_w,0.60,0.40,0.18,,,,
Everes_lacturnus_dynamic_index_w,0.12,0.88,0.07,,,,
Faunis_canens_dynamic_index_w,0.15,0.85,0.12,,,,
Faunis_eumeus_dynamic_index_w,0.25,0.75,0.01,,,,
Freyeria_putli_dynamic_index_w,0.12,0.88,0.01,,,,
Graphium_agamemnon_dynamic_index_w,0.04,0.96,0.00,,,,
Graphium_antiphates_dynamic_index_w,0.03,0.97,0.01,,,,
Graphium_doson_dynamic_index_w,0.07,0.93,0.00,,,,
Graphium_nomius_dynamic_index_w,0.21,0.79,0.05,,,,
Graphium_sarpedon_dynamic_index_w,0.11,0.89,0.03,,,,
Hasora_badra_dynamic_index_w,0.17,0.83,0.06,,,,
Hasora_chromus_dynamic_index_w,0.19,0.81,0.02,,,,
Hebomoia_glaucippe_dynamic_index_w,0.01,0.99,0.02,,,,
Heliophorus_epicles_dynamic_index_w,0.36,0.64,0.00,,,,
Heliophorus_ila_dynamic_index_w,0.11,0.89,0.09,,,,
Hestina_assimilis_dynamic_index_w,0.39,0.61,0.31,,,,
Hyarotis_adrastus_dynamic_index_w,0.39,0.61,0.11,,,,
Hypolimnas_anomala_dynamic_index_w,0.16,0.84,0.15,,,,
Hypolimnas_bolina_dynamic_index_w,0.04,0.96,0.00,,,,
Hypolimnas_misippus_dynamic_index_w,0.15,0.85,0.02,,,,
Hypolycaena_erylus_dynamic_index_w,0.12,0.88,0.08,,,,
Iambrix_salsala_dynamic_index_w,0.01,0.99,0.01,,,,
Idea_leuconoe_dynamic_index_w,0.10,0.90,0.19,,,,
Ideopsis_similis_dynamic_index_w,0.44,0.56,0.13,,,,
Ideopsis_vulgaris_dynamic_index_w,0.37,0.63,0.45,,,,
Iraota_timoleon_dynamic_index_w,0.04,0.96,0.00,,,,
Isoteinon_lamprospilus_dynamic_index_w,0.27,0.73,0.13,,,,
Ixias_pyrene_dynamic_index_w,0.09,0.91,0.00,,,,
Jamides_alecto_dynamic_index_w,0.07,0.93,0.02,,,,
Jamides_bochus_dynamic_index_w,0.07,0.93,0.06,,,,
Jamides_celeno_dynamic_index_w,0.02,0.98,0.01,,,,
Junonia_almana_dynamic_index_w,0.14,0.86,0.00,,,,
Junonia_atlites_dynamic_index_w,0.09,0.91,0.00,,,,
Junonia_hedonia_dynamic_index_w,0.12,0.88,0.16,,,,
Junonia_hierta_dynamic_index_w,0.13,0.87,0.01,,,,
Junonia_iphita_dynamic_index_w,0.02,0.98,0.01,,,,
Junonia_lemonias_dynamic_index_w,0.09,0.91,0.00,,,,
Junonia_orithya_dynamic_index_w,0.07,0.93,0.00,,,,
Kallima_inachus_dynamic_index_w,0.15,0.85,0.03,,,,
Kallima_sylvia_dynamic_index_w,0.05,0.95,0.01,,,,
Lampides_boeticus_dynamic_index_w,0.08,0.92,0.00,,,,
Lamproptera_curius_dynamic_index_w,0.15,0.85,0.05,,,,
Lebadea_martha_dynamic_index_w,0.10,0.90,0.05,,,,
Leptosia_nina_dynamic_index_w,0.12,0.88,0.00,,,,
Leptotes_plinius_dynamic_index_w,0.19,0.81,0.03,,,,
Lethe_confusa_dynamic_index_w,0.04,0.96,0.01,,,,
Lethe_europa_dynamic_index_w,0.03,0.97,0.02,,,,
Lexias_pardalis_dynamic_index_w,0.27,0.73,0.23,,,,
Libythea_lepita_dynamic_index_w,0.55,0.45,0.23,,,,
Limenitis_procris_dynamic_index_w,0.14,0.86,0.02,,,,
Limenitis_sulpitia_dynamic_index_w,0.29,0.71,0.07,,,,
Loxura_atymnus_dynamic_index_w,0.18,0.82,0.01,,,,
Luthrodes_pandava_dynamic_index_w,0.14,0.86,0.04,,,,
Lycaena_phlaeas_dynamic_index_w,0.09,0.91,0.49,,,,
Matapa_aria_dynamic_index_w,0.14,0.86,0.00,,,,
Megisba_malaya_dynamic_index_w,0.12,0.88,0.01,,,,
Melanitis_leda_dynamic_index_w,0.09,0.91,0.00,,,,
Melanitis_phedima_dynamic_index_w,0.13,0.87,0.01,,,,
Mycalesis_horsfieldii_dynamic_index_w,0.41,0.59,0.20,,,,
Mycalesis_mineus_dynamic_index_w,0.02,0.98,0.01,,,,
Mycalesis_perseoides_dynamic_index_w,0.20,0.80,0.21,,,,
Mycalesis_perseus_dynamic_index_w,0.03,0.97,0.00,,,,
Nacaduba_kurava_dynamic_index_w,0.10,0.90,0.03,,,,
Neope_muirheadii_dynamic_index_w,0.17,0.83,0.17,,,,
Neopithecops_zalmora_dynamic_index_w,0.28,0.72,0.02,,,,
Neptis_clinia_dynamic_index_w,0.14,0.86,0.04,,,,
Neptis_hylas_dynamic_index_w,0.05,0.95,0.01,,,,
Neptis_sappho_dynamic_index_w,0.41,0.59,0.12,,,,
Notocrypta_curvifascia_dynamic_index_w,0.08,0.92,0.00,,,,
Notocrypta_paralysos_dynamic_index_w,0.12,0.88,0.01,,,,
Odontoptilum_angulata_dynamic_index_w,0.20,0.80,0.04,,,,
Orsotriaena_medus_dynamic_index_w,0.17,0.83,0.03,,,,
Pachliopta_aristolochiae_dynamic_index_w,0.13,0.87,0.02,,,,
Pachliopta_hector_dynamic_index_w,0.18,0.82,0.07,,,,
Pantoporia_hordonia_dynamic_index_w,0.03,0.97,0.01,,,,
Papilio_bianor_dynamic_index_w,0.14,0.86,0.15,,,,
Papilio_clytia_dynamic_index_w,0.47,0.53,0.40,,,,
Papilio_demoleus_dynamic_index_w,0.19,0.81,0.04,,,,
Papilio_helenus_dynamic_index_w,0.03,0.97,0.00,,,,
Papilio_memnon_dynamic_index_w,0.03,0.97,0.00,,,,
Papilio_nephelus_dynamic_index_w,0.02,0.98,0.03,,,,
Papilio_paris_dynamic_index_w,0.02,0.98,0.00,,,,
Papilio_polymnestor_dynamic_index_w,0.19,0.81,0.24,,,,
Papilio_polytes_dynamic_index_w,0.06,0.94,0.00,,,,
Papilio_protenor_dynamic_index_w,0.22,0.78,0.03,,,,
Papilio_xuthus_dynamic_index_w,0.62,0.38,0.27,,,,
Parantica_aglea_dynamic_index_w,0.13,0.87,0.02,,,,
Parantica_agleoides_dynamic_index_w,0.26,0.74,0.15,,,,
Parantica_sita_dynamic_index_w,0.24,0.76,0.10,,,,
Parathyma_nefte_dynamic_index_w,0.07,0.93,0.01,,,,
Parathyma_perius_dynamic_index_w,0.38,0.62,0.03,,,,
Parathyma_selenophora_dynamic_index_w,0.14,0.86,0.01,,,,
Pareronia_hippia_dynamic_index_w,0.10,0.90,0.07,,,,
Pelopidas_mathias_dynamic_index_w,0.12,0.88,0.05,,,,
Phaedyma_columella_dynamic_index_w,0.44,0.56,0.37,,,,
Phalanta_phalantha_dynamic_index_w,0.06,0.94,0.01,,,,
Pieris_canidia_dynamic_index_w,0.06,0.94,0.01,,,,
Pieris_rapae_dynamic_index_w,0.53,0.47,0.25,,,,
Polygonia_c-aureum_dynamic_index_w,0.67,0.33,0.20,,,,
Polytremis_lubricans_dynamic_index_w,0.20,0.80,0.14,,,,
Polyura_athamas_dynamic_index_w,0.03,0.97,0.02,,,,
Potanthus_omaha_dynamic_index_w,0.18,0.82,0.41,,,,
Prosotas_dubiosa_dynamic_index_w,0.05,0.95,0.02,,,,
Prosotas_nora_dynamic_index_w,0.01,0.99,0.01,,,,
Pseudocoladenia_dan_dynamic_index_w,0.07,0.93,0.01,,,,
Pseudozizeeria_maha_dynamic_index_w,0.20,0.80,0.01,,,,
Rapala_manea_dynamic_index_w,0.03,0.97,0.02,,,,
Rathinda_amor_dynamic_index_w,0.08,0.92,0.11,,,,
Remelana_jangala_dynamic_index_w,0.26,0.74,0.11,,,,
Spalgis_epius_dynamic_index_w,0.04,0.96,0.01,,,,
Suastus_gremius_dynamic_index_w,0.16,0.84,0.03,,,,
Symbrenthia_hypselis_dynamic_index_w,0.06,0.94,0.01,,,,
Tagiades_japetus_dynamic_index_w,0.03,0.97,0.01,,,,
Tagiades_litigiosa_dynamic_index_w,0.22,0.78,0.03,,,,
Tajuria_cippus_dynamic_index_w,0.09,0.91,0.10,,,,
Talicada_nyseus_dynamic_index_w,0.02,0.98,0.02,,,,
Tanaecia_iapis_dynamic_index_w,0.61,0.39,0.37,,,,
Tanaecia_lepidea_dynamic_index_w,0.19,0.81,0.01,,,,
Tanaecia_pelea_dynamic_index_w,0.58,0.42,0.32,,,,
Telicota_bambusae_dynamic_index_w,0.01,0.99,0.03,,,,
Tirumala_limniace_dynamic_index_w,0.06,0.94,0.03,,,,
Tirumala_septentrionis_dynamic_index_w,0.02,0.98,0.01,,,,
Troides_helena_dynamic_index_w,0.15,0.85,0.04,,,,
Udaspes_folus_dynamic_index_w,0.12,0.88,0.07,,,,
Vanessa_canace_dynamic_index_w,0.21,0.79,0.03,,,,
Vanessa_cardui_dynamic_index_w,0.03,0.97,0.05,,,,
Vanessa_indica_dynamic_index_w,0.14,0.86,0.06,,,,
Vindula_erota_dynamic_index_w,0.03,0.97,0.01,,,,
Ypthima_baldus_dynamic_index_w,0.15,0.85,0.05,,,,
Ypthima_huebneri_dynamic_index_w,0.02,0.98,0.03,,,,
Ypthima_multistriata_dynamic_index_w,0.32,0.68,0.06,,,,
Zeltus_amasa_dynamic_index_w,0.12,0.88,0.01,,,,
Zemeros_flegyas_dynamic_index_w,0.11,0.89,0.03,,,,
Zizeeria_karsandra_dynamic_index_w,0.12,0.88,0.04,,,,
Zizina_otis_dynamic_index_w,0.05,0.95,0.02,,,,
Zizula_hylax_dynamic_index_w,0.10,0.90,0.02,,,,
